nimi;kasutajanimi;email;parool
Caprice Liebermann;CLiebermann;caprice.liebermann@hkhk.edu.ee;Cap33
Winifield Legon;WLegon;winifield.legon@hkhk.edu.ee;Win17
Josias Fetherby;JFetherby;josias.fetherby@hkhk.edu.ee;Jos61
Ronny Gravenell;RGravenell;ronny.gravenell@hkhk.edu.ee;Ron62
Kaitlin Clapson;KClapson;kaitlin.clapson@hkhk.edu.ee;Kai75
Malachi Pentony;MPentony;malachi.pentony@hkhk.edu.ee;Mal44
Pearle Harryman;PHarryman;pearle.harryman@hkhk.edu.ee;Pea59
Kyle Marrion;KMarrion;kyle.marrion@hkhk.edu.ee;Kyl68
Howey Stiles;HStiles;howey.stiles@hkhk.edu.ee;How82
Elna Codman;ECodman;elna.codman@hkhk.edu.ee;Eln16
Dian Bartoli;DBartoli;dian.bartoli@hkhk.edu.ee;Dia41
Marvin Saladino;MSaladino;marvin.saladino@hkhk.edu.ee;Mar54
Garrek Abeau;GAbeau;garrek.abeau@hkhk.edu.ee;Gar24
Willetta Walhedd;WWalhedd;willetta.walhedd@hkhk.edu.ee;Wil82
Dionysus Dedenham;DDedenham;dionysus.dedenham@hkhk.edu.ee;Dio13
Teodoor Boothby;TBoothby;teodoor.boothby@hkhk.edu.ee;Teo89
Ikey Cuttle;ICuttle;ikey.cuttle@hkhk.edu.ee;Ike40
Jabez Betteridge;JBetteridge;jabez.betteridge@hkhk.edu.ee;Jab27
Melesa Peirpoint;MPeirpoint;melesa.peirpoint@hkhk.edu.ee;Mel26
Clemmy Ivanchin;CIvanchin;clemmy.ivanchin@hkhk.edu.ee;Cle54
Frasco Reddish;FReddish;frasco.reddish@hkhk.edu.ee;Fra92
Alicea Terne;ATerne;alicea.terne@hkhk.edu.ee;Ali12
Kyle Whiteford;KWhiteford;kyle.whiteford@hkhk.edu.ee;Kyl14
Torrin Ehlerding;TEhlerding;torrin.ehlerding@hkhk.edu.ee;Tor40
Penelopa Fidell;PFidell;penelopa.fidell@hkhk.edu.ee;Pen10
Alexina Hastilow;AHastilow;alexina.hastilow@hkhk.edu.ee;Ale17
Kordula Whyteman;KWhyteman;kordula.whyteman@hkhk.edu.ee;Kor57
Teodora Bendall;TBendall;teodora.bendall@hkhk.edu.ee;Teo10
Nicky Jarrelt;NJarrelt;nicky.jarrelt@hkhk.edu.ee;Nic72
Bucky Newman;BNewman;bucky.newman@hkhk.edu.ee;Buc80
Kandace Rance;KRance;kandace.rance@hkhk.edu.ee;Kan16
Gayla Stigell;GStigell;gayla.stigell@hkhk.edu.ee;Gay30
Candra Grenshiels;CGrenshiels;candra.grenshiels@hkhk.edu.ee;Can55
Gwenore Chidzoy;GChidzoy;gwenore.chidzoy@hkhk.edu.ee;Gwe30
Luise Fairman;LFairman;luise.fairman@hkhk.edu.ee;Lui68
Phillipp Essberger;PEssberger;phillipp.essberger@hkhk.edu.ee;Phi66
Darlleen Dranfield;DDranfield;darlleen.dranfield@hkhk.edu.ee;Dar89
Creighton Ruppert;CRuppert;creighton.ruppert@hkhk.edu.ee;Cre70
Juan Gillicuddy;JGillicuddy;juan.gillicuddy@hkhk.edu.ee;Jua20
Renaud Rauprich;RRauprich;renaud.rauprich@hkhk.edu.ee;Ren21
Barnie Syson;BSyson;barnie.syson@hkhk.edu.ee;Bar51
Aggie Starrs;AStarrs;aggie.starrs@hkhk.edu.ee;Agg46
Mollee Hensmans;MHensmans;mollee.hensmans@hkhk.edu.ee;Mol50
Kakalina Hawker;KHawker;kakalina.hawker@hkhk.edu.ee;Kak12
Jessalyn Yuille;JYuille;jessalyn.yuille@hkhk.edu.ee;Jes49
Johannes Matushenko;JMatushenko;johannes.matushenko@hkhk.edu.ee;Joh88
Emelita Fairholme;EFairholme;emelita.fairholme@hkhk.edu.ee;Eme54
Hulda Kineton;HKineton;hulda.kineton@hkhk.edu.ee;Hul90
Celka Grog;CGrog;celka.grog@hkhk.edu.ee;Cel55
Gil Brounsell;GBrounsell;gil.brounsell@hkhk.edu.ee;Gil23
Bill Willeman;BWilleman;bill.willeman@hkhk.edu.ee;Bil31
Gustavus Labbett;GLabbett;gustavus.labbett@hkhk.edu.ee;Gus88
Arley MacTrustrie;AMacTrustrie;arley.mactrustrie@hkhk.edu.ee;Arl80
Rogerio Di Frisco;RDi Frisco;rogerio.di frisco@hkhk.edu.ee;Rog43
Dredi Kenryd;DKenryd;dredi.kenryd@hkhk.edu.ee;Dre72
Chrystal Haskey;CHaskey;chrystal.haskey@hkhk.edu.ee;Chr67
Colene Tryhorn;CTryhorn;colene.tryhorn@hkhk.edu.ee;Col50
Leontine Scamadin;LScamadin;leontine.scamadin@hkhk.edu.ee;Leo19
Karin Kingscote;KKingscote;karin.kingscote@hkhk.edu.ee;Kar70
Carena Ewan;CEwan;carena.ewan@hkhk.edu.ee;Car32
Glynis Gash;GGash;glynis.gash@hkhk.edu.ee;Gly37
Margalit Bog;MBog;margalit.bog@hkhk.edu.ee;Mar95
Hunfredo Niblett;HNiblett;hunfredo.niblett@hkhk.edu.ee;Hun46
Maison Koeppe;MKoeppe;maison.koeppe@hkhk.edu.ee;Mai66
Winfield McDonogh;WMcDonogh;winfield.mcdonogh@hkhk.edu.ee;Win14
Averil Bellenger;ABellenger;averil.bellenger@hkhk.edu.ee;Ave45
Lane Fishby;LFishby;lane.fishby@hkhk.edu.ee;Lan28
Ursala De La Salle;UDe La Salle;ursala.de la salle@hkhk.edu.ee;Urs76
Lela Utteridge;LUtteridge;lela.utteridge@hkhk.edu.ee;Lel91
Ingelbert Barkly;IBarkly;ingelbert.barkly@hkhk.edu.ee;Ing46
Bo Canto;BCanto;bo.canto@hkhk.edu.ee;Ing4621
Axe Mattioli;AMattioli;axe.mattioli@hkhk.edu.ee;Axe92
Bud Ratnage;BRatnage;bud.ratnage@hkhk.edu.ee;Bud64
Gerhardt Tredgold;GTredgold;gerhardt.tredgold@hkhk.edu.ee;Ger19
Thaxter MacVanamy;TMacVanamy;thaxter.macvanamy@hkhk.edu.ee;Tha34
Joelynn Fishbourne;JFishbourne;joelynn.fishbourne@hkhk.edu.ee;Joe14
Meryl Bru;MBru;meryl.bru@hkhk.edu.ee;Mer66
Emery Woodruffe;EWoodruffe;emery.woodruffe@hkhk.edu.ee;Eme53
Germana Guterson;GGuterson;germana.guterson@hkhk.edu.ee;Ger84
Silvester Keers;SKeers;silvester.keers@hkhk.edu.ee;Sil53
Dacy Harmar;DHarmar;dacy.harmar@hkhk.edu.ee;Dac89
Rutledge Redgewell;RRedgewell;rutledge.redgewell@hkhk.edu.ee;Rut49
Isabelle Hugle;IHugle;isabelle.hugle@hkhk.edu.ee;Isa69
Ileane Lothean;ILothean;ileane.lothean@hkhk.edu.ee;Ile78
Ardith Arnaut;AArnaut;ardith.arnaut@hkhk.edu.ee;Ard18
Pietro Davidovici;PDavidovici;pietro.davidovici@hkhk.edu.ee;Pie16
Kristen Shales;KShales;kristen.shales@hkhk.edu.ee;Kri10
Court Klimmek;CKlimmek;court.klimmek@hkhk.edu.ee;Cou36
Chelsea Shedden;CShedden;chelsea.shedden@hkhk.edu.ee;Che13
Jamie Tenney;JTenney;jamie.tenney@hkhk.edu.ee;Jam92
Jeni Gasparro;JGasparro;jeni.gasparro@hkhk.edu.ee;Jen46
Willdon Mallabund;WMallabund;willdon.mallabund@hkhk.edu.ee;Wil23
Ross Algy;RAlgy;ross.algy@hkhk.edu.ee;Ros49
Inigo Diperaus;IDiperaus;inigo.diperaus@hkhk.edu.ee;Ini67
Mabelle Ellicott;MEllicott;mabelle.ellicott@hkhk.edu.ee;Mab65
Forrester Loade;FLoade;forrester.loade@hkhk.edu.ee;For83
Natalya Wood;NWood;natalya.wood@hkhk.edu.ee;Nat46
Ede McQuarter;EMcQuarter;ede.mcquarter@hkhk.edu.ee;Ede78
Kalie Bomb;KBomb;kalie.bomb@hkhk.edu.ee;Kal73
Fairfax Wonfor;FWonfor;fairfax.wonfor@hkhk.edu.ee;Fai85
